[{"model": "foodcartapp.restaurant", "pk": 1, "fields": {"name": "Star Burger Арбат", "address": "Москва, ул. Новый Арбат, 15", "contact_phone": "+7 (967) 157-44-13", "geocoded_address": null}}, {"model": "foodcartapp.restaurant", "pk": 2, "fields": {"name": "Star Burger Цветной", "address": "Москва, Цветной бульвар, 11с2", "contact_phone": "+7 (929) 949-55-36", "geocoded_address": null}}, {"model": "foodcartapp.restaurant", "pk": 3, "fields": {"name": "Star Burger Европейский", "address": "Москва, пл. Киевского Вокзала, 2", "contact_phone": "+7 (929) 680-47-58", "geocoded_address": null}}, {"model": "foodcartapp.productcategory", "pk": 1, "fields": {"name": "Бургер"}}, {"model": "foodcartapp.productcategory", "pk": 2, "fields": {"name": "Ролл"}}, {"model": "foodcartapp.product", "pk": 1, "fields": {"name": "Стейкхаус", "category": 1, "price": "269.00", "image": "steak.jpg", "special_status": false, "description": "\"Стейкхаус – это сочетание нашей фирменной, приготовленной на огне 100% говядины с ломтиками бекона и соусом «Барбекю», майонезом, листьями свежего салата, помидором и хрустящим луком на воздушной бул"}}, {"model": "foodcartapp.product", "pk": 2, "fields": {"name": "Лонг чизбургер", "category": 1, "price": "219.00", "image": "long_chiz.jpg", "special_status": false, "description": "Лонг Чизбургер – эталон в коллекции чизбургеров! Два приготовленных на огне бифштекса с двумя ломтиками слегка расплавленного сыра, хрустящими огурчиками, рубленым луком, горчицей и кетчупом на длинно"}}, {"model": "foodcartapp.product", "pk": 3, "fields": {"name": "Тройной Воппер", "category": 1, "price": "369.00", "image": "triple_vopper.jpg", "special_status": false, "description": "\"ВОППЕР® — это вкуснейшая приготовленная на огне 100% говядина с сочными помидорами, свежим нарезанным листовым салатом, густым майонезом, хрустящими маринованными огурчиками и свежим луком на нежной"}}, {"model": "foodcartapp.product", "pk": 4, "fields": {"name": "Беконайзер", "category": 1, "price": "319.00", "image": "beconizer.jpg", "special_status": false, "description": "Встречай самый внушительный бургер в коллекции Бургер Кинг. Много мяса, много бекона и много сыра - все, как ты любишь, и ничего лишнего!"}}, {"model": "foodcartapp.product", "pk": 5, "fields": {"name": "Фиш Ролл", "category": 2, "price": "199.00", "image": "fish_roll.jpg", "special_status": false, "description": "Наш новый ролл с аппетитной котлеткой из филе белой рыбы, с фирменным соусом, маринованными огурчиками и хрустящим салатом. Легкое рыбное удовольствие!"}}, {"model": "foodcartapp.product", "pk": 6, "fields": {"name": "Шримп Ролл", "category": 2, "price": "209.00", "image": "shrimp_roll.jpg", "special_status": false, "description": "Легкий ролл с нежными королевскими креветками в хрустящей панировке, свежий салат Айсберг и ломтик сыра в пшеничной лепешке под фирменным соусом «Кинг». Внимание! Блюдо содержит аллергены – морепродук"}}, {"model": "foodcartapp.restaurantmenuitem", "pk": 1, "fields": {"restaurant": 1, "product": 1, "availability": true}}, {"model": "foodcartapp.restaurantmenuitem", "pk": 2, "fields": {"restaurant": 1, "product": 2, "availability": true}}, {"model": "foodcartapp.restaurantmenuitem", "pk": 3, "fields": {"restaurant": 1, "product": 3, "availability": true}}, {"model": "foodcartapp.restaurantmenuitem", "pk": 4, "fields": {"restaurant": 1, "product": 5, "availability": true}}, {"model": "foodcartapp.restaurantmenuitem", "pk": 5, "fields": {"restaurant": 2, "product": 6, "availability": true}}, {"model": "foodcartapp.restaurantmenuitem", "pk": 6, "fields": {"restaurant": 2, "product": 4, "availability": true}}, {"model": "foodcartapp.restaurantmenuitem", "pk": 7, "fields": {"restaurant": 2, "product": 3, "availability": true}}, {"model": "foodcartapp.restaurantmenuitem", "pk": 8, "fields": {"restaurant": 2, "product": 2, "availability": true}}, {"model": "foodcartapp.restaurantmenuitem", "pk": 9, "fields": {"restaurant": 3, "product": 1, "availability": true}}, {"model": "foodcartapp.restaurantmenuitem", "pk": 10, "fields": {"restaurant": 3, "product": 2, "availability": true}}, {"model": "foodcartapp.restaurantmenuitem", "pk": 11, "fields": {"restaurant": 3, "product": 3, "availability": true}}, {"model": "foodcartapp.restaurantmenuitem", "pk": 12, "fields": {"restaurant": 3, "product": 4, "availability": true}}, {"model": "foodcartapp.restaurantmenuitem", "pk": 13, "fields": {"restaurant": 3, "product": 5, "availability": true}}, {"model": "foodcartapp.restaurantmenuitem", "pk": 14, "fields": {"restaurant": 3, "product": 6, "availability": true}}, {"model": "foodcartapp.order", "pk": 19, "fields": {"created_at": "2024-01-01T00:00:00Z", "called_at": null, "delivered_at": null, "client_name": "Василий", "surname": "Тех", "phone": "+79123456789", "delivery_address": "Иркутск", "geocoded_delivery_address": null, "status": "NEW", "payment_method": "cash", "customer_comment": "Fast", "restaurant": null}}, {"model": "foodcartapp.order", "pk": 20, "fields": {"created_at": "2024-01-01T00:00:00Z", "called_at": null, "delivered_at": null, "client_name": "Старый2", "surname": "Заказ", "phone": "+73011234567", "delivery_address": "Москва, пл. Киевского Вокзала, 2", "geocoded_delivery_address": null, "status": "PREPARING", "payment_method": "cash", "customer_comment": "new2", "restaurant": 3}}, {"model": "foodcartapp.order", "pk": 21, "fields": {"created_at": "2024-01-01T00:00:00Z", "called_at": null, "delivered_at": null, "client_name": "Василий", "surname": "Старый", "phone": "+79001111111", "delivery_address": "ул. Пушкина, д. 10", "geocoded_delivery_address": null, "status": "COMPLETED", "payment_method": "cash", "customer_comment": "New comment", "restaurant": null}}, {"model": "foodcartapp.order", "pk": 22, "fields": {"created_at": "2025-06-15T22:27:43.291Z", "called_at": "2025-06-15T22:28:55Z", "delivered_at": null, "client_name": "Lek", "surname": "Lekantras", "phone": "+79086477634", "delivery_address": "Museumstraat 1, 1071 XX Amsterdam", "geocoded_delivery_address": null, "status": "PREPARING", "payment_method": "card", "customer_comment": "Без жира", "restaurant": 2}}, {"model": "foodcartapp.order", "pk": 23, "fields": {"created_at": "2025-06-16T06:58:00.238Z", "called_at": null, "delivered_at": null, "client_name": "Lek12", "surname": "Lekantras", "phone": "+79086477634", "delivery_address": "Museumstraat 1, 1071 XX Amsterdam", "geocoded_delivery_address": null, "status": "PREPARING", "payment_method": "cash", "customer_comment": "", "restaurant": 3}}, {"model": "foodcartapp.order", "pk": 24, "fields": {"created_at": "2025-06-17T01:14:44.791Z", "called_at": null, "delivered_at": null, "client_name": "Lek123 Lekantras", "surname": "", "phone": "+79086477634", "delivery_address": "Москва, пл. Киевского Вокзала, 2", "geocoded_delivery_address": null, "status": "NEW", "payment_method": "cash", "customer_comment": "", "restaurant": null}}, {"model": "foodcartapp.order", "pk": 25, "fields": {"created_at": "2025-06-17T01:22:46.475Z", "called_at": null, "delivered_at": null, "client_name": "Lek1234 Lekantras", "surname": "", "phone": "+79086477634", "delivery_address": "Москва, Цветной бульвар, 11с2", "geocoded_delivery_address": null, "status": "PREPARING", "payment_method": "cash", "customer_comment": "", "restaurant": 1}}, {"model": "foodcartapp.order", "pk": 26, "fields": {"created_at": "2025-06-22T22:23:26.085Z", "called_at": null, "delivered_at": null, "client_name": "Иван", "surname": "Иванов", "phone": "+79991234567", "delivery_address": "Москва, ул. Пушкина, д. 10", "geocoded_delivery_address": null, "status": "NEW", "payment_method": "", "customer_comment": "", "restaurant": null}}, {"model": "foodcartapp.order", "pk": 27, "fields": {"created_at": "2025-06-23T21:51:15.022Z", "called_at": null, "delivered_at": null, "client_name": "Lek", "surname": "Lekantras", "phone": "+79086477634", "delivery_address": "Museumstraat 1, 1071 XX Amsterdam", "geocoded_delivery_address": null, "status": "NEW", "payment_method": "", "customer_comment": "", "restaurant": null}}, {"model": "foodcartapp.order", "pk": 28, "fields": {"created_at": "2025-06-23T21:58:34.341Z", "called_at": null, "delivered_at": null, "client_name": "Олег", "surname": "Иванов", "phone": "+79031234567", "delivery_address": "Москва, ул. Тверская, д. 10, кв. 5", "geocoded_delivery_address": null, "status": "NEW", "payment_method": "", "customer_comment": "", "restaurant": null}}, {"model": "foodcartapp.order", "pk": 29, "fields": {"created_at": "2025-06-23T21:59:41.126Z", "called_at": null, "delivered_at": null, "client_name": "Олег", "surname": "Иванов", "phone": "+79031234567", "delivery_address": "Москва, ул. Тверская, д. 10, кв. 5", "geocoded_delivery_address": null, "status": "NEW", "payment_method": "", "customer_comment": "", "restaurant": null}}, {"model": "foodcartapp.order", "pk": 30, "fields": {"created_at": "2025-06-23T22:04:35.668Z", "called_at": null, "delivered_at": null, "client_name": "Олег", "surname": "Иванов", "phone": "+79031234567", "delivery_address": "Москва, ул. Тверская, д. 10, кв. 5", "geocoded_delivery_address": null, "status": "NEW", "payment_method": "", "customer_comment": "", "restaurant": null}}, {"model": "foodcartapp.order", "pk": 31, "fields": {"created_at": "2025-06-24T14:52:49.886Z", "called_at": null, "delivered_at": null, "client_name": "Иван2", "surname": "Петров", "phone": "+79211234567", "delivery_address": "Москва, улица Большая Дмитровка, 10", "geocoded_delivery_address": 7, "status": "NEW", "payment_method": "", "customer_comment": "", "restaurant": null}}, {"model": "foodcartapp.order", "pk": 32, "fields": {"created_at": "2025-06-24T15:07:14.550Z", "called_at": null, "delivered_at": null, "client_name": "Иван3", "surname": "Петров", "phone": "+79211234567", "delivery_address": "Москва, улица Большая Дмитровка, 10", "geocoded_delivery_address": 7, "status": "NEW", "payment_method": "", "customer_comment": "", "restaurant": null}}, {"model": "foodcartapp.orderitem", "pk": 23, "fields": {"order": 19, "product": 1, "quantity": 1, "price_at_purchase": "269.00"}}, {"model": "foodcartapp.orderitem", "pk": 24, "fields": {"order": 20, "product": 1, "quantity": 1, "price_at_purchase": "269.00"}}, {"model": "foodcartapp.orderitem", "pk": 25, "fields": {"order": 21, "product": 1, "quantity": 1, "price_at_purchase": "269.00"}}, {"model": "foodcartapp.orderitem", "pk": 26, "fields": {"order": 21, "product": 2, "quantity": 1, "price_at_purchase": "219.00"}}, {"model": "foodcartapp.orderitem", "pk": 27, "fields": {"order": 22, "product": 4, "quantity": 1, "price_at_purchase": "319.00"}}, {"model": "foodcartapp.orderitem", "pk": 28, "fields": {"order": 23, "product": 1, "quantity": 1, "price_at_purchase": "269.00"}}, {"model": "foodcartapp.orderitem", "pk": 29, "fields": {"order": 23, "product": 2, "quantity": 2, "price_at_purchase": "219.00"}}, {"model": "foodcartapp.orderitem", "pk": 30, "fields": {"order": 23, "product": 5, "quantity": 5, "price_at_purchase": "199.00"}}, {"model": "foodcartapp.orderitem", "pk": 31, "fields": {"order": 24, "product": 6, "quantity": 1, "price_at_purchase": "209.00"}}, {"model": "foodcartapp.orderitem", "pk": 32, "fields": {"order": 25, "product": 1, "quantity": 1, "price_at_purchase": "199.00"}}, {"model": "foodcartapp.orderitem", "pk": 33, "fields": {"order": 26, "product": 1, "quantity": 2, "price_at_purchase": "269.00"}}, {"model": "foodcartapp.orderitem", "pk": 34, "fields": {"order": 26, "product": 2, "quantity": 1, "price_at_purchase": "219.00"}}, {"model": "foodcartapp.orderitem", "pk": 35, "fields": {"order": 27, "product": 2, "quantity": 1, "price_at_purchase": "219.00"}}, {"model": "foodcartapp.orderitem", "pk": 36, "fields": {"order": 28, "product": 1, "quantity": 2, "price_at_purchase": "269.00"}}, {"model": "foodcartapp.orderitem", "pk": 37, "fields": {"order": 28, "product": 3, "quantity": 1, "price_at_purchase": "369.00"}}, {"model": "foodcartapp.orderitem", "pk": 38, "fields": {"order": 28, "product": 5, "quantity": 3, "price_at_purchase": "199.00"}}, {"model": "foodcartapp.orderitem", "pk": 39, "fields": {"order": 28, "product": 2, "quantity": 1, "price_at_purchase": "219.00"}}, {"model": "foodcartapp.orderitem", "pk": 40, "fields": {"order": 28, "product": 4, "quantity": 2, "price_at_purchase": "319.00"}}, {"model": "foodcartapp.orderitem", "pk": 41, "fields": {"order": 29, "product": 1, "quantity": 2, "price_at_purchase": "269.00"}}, {"model": "foodcartapp.orderitem", "pk": 42, "fields": {"order": 29, "product": 3, "quantity": 1, "price_at_purchase": "369.00"}}, {"model": "foodcartapp.orderitem", "pk": 43, "fields": {"order": 29, "product": 5, "quantity": 3, "price_at_purchase": "199.00"}}, {"model": "foodcartapp.orderitem", "pk": 44, "fields": {"order": 29, "product": 2, "quantity": 1, "price_at_purchase": "219.00"}}, {"model": "foodcartapp.orderitem", "pk": 45, "fields": {"order": 29, "product": 4, "quantity": 2, "price_at_purchase": "319.00"}}, {"model": "foodcartapp.orderitem", "pk": 46, "fields": {"order": 30, "product": 1, "quantity": 2, "price_at_purchase": "269.00"}}, {"model": "foodcartapp.orderitem", "pk": 47, "fields": {"order": 30, "product": 3, "quantity": 1, "price_at_purchase": "369.00"}}, {"model": "foodcartapp.orderitem", "pk": 48, "fields": {"order": 30, "product": 5, "quantity": 3, "price_at_purchase": "199.00"}}, {"model": "foodcartapp.orderitem", "pk": 49, "fields": {"order": 30, "product": 2, "quantity": 1, "price_at_purchase": "219.00"}}, {"model": "foodcartapp.orderitem", "pk": 50, "fields": {"order": 30, "product": 4, "quantity": 2, "price_at_purchase": "319.00"}}, {"model": "foodcartapp.orderitem", "pk": 51, "fields": {"order": 31, "product": 1, "quantity": 1, "price_at_purchase": "269.00"}}, {"model": "foodcartapp.orderitem", "pk": 52, "fields": {"order": 32, "product": 1, "quantity": 1, "price_at_purchase": "269.00"}}, {"model": "geocoordinates.geocodedaddress", "pk": 1, "fields": {"address": "Москва, пл. Киевского Вокзала, 2", "latitude": 55.744637, "longitude": 37.566072, "queried_at": "2025-06-19T21:49:15.919Z"}}, {"model": "geocoordinates.geocodedaddress", "pk": 2, "fields": {"address": "Museumstraat 1, 1071 XX Amsterdam", "latitude": 52.360025, "longitude": 4.885425, "queried_at": "2025-06-19T21:49:17.168Z"}}, {"model": "geocoordinates.geocodedaddress", "pk": 3, "fields": {"address": "Москва, Цветной бульвар, 11с2", "latitude": 55.770076, "longitude": 37.620429, "queried_at": "2025-06-19T21:49:18.167Z"}}, {"model": "geocoordinates.geocodedaddress", "pk": 4, "fields": {"address": "Москва, ул. Новый Арбат, 15", "latitude": 55.751933, "longitude": 37.593066, "queried_at": "2025-06-19T21:49:19.553Z"}}, {"model": "geocoordinates.geocodedaddress", "pk": 5, "fields": {"address": "Лондон", "latitude": 51.507351, "longitude": -0.127696, "queried_at": "2025-06-19T22:12:46.776Z"}}, {"model": "geocoordinates.geocodedaddress", "pk": 6, "fields": {"address": "Иркутск", "latitude": 52.289588, "longitude": 104.280606, "queried_at": "2025-06-19T22:13:09.087Z"}}, {"model": "geocoordinates.geocodedaddress", "pk": 7, "fields": {"address": "Москва, улица Большая Дмитровка, 10", "latitude": 55.761203, "longitude": 37.615003, "queried_at": "2025-06-24T14:52:49.788Z"}}, {"model": "auth.user", "pk": 1, "fields": {"password": "pbkdf2_sha256$600000$XOTqyrYHYt6qLyFJ8nkGVV$jppdGXu9XG6SC6gnu7UqJ0ZoirfiKKwIZXf8PYzPEQk=", "last_login": "2025-06-23T21:52:26.736Z", "is_superuser": true, "username": "Lek", "first_name": "", "last_name": "", "email": "Lek@mail.ru", "is_staff": true, "is_active": true, "date_joined": "2025-06-05T07:31:30.882Z", "groups": [], "user_permissions": []}}, {"model": "sessions.session", "pk": "03k6m8uwx8c2eeybpr0a1859xoclgui6", "fields": {"session_data": ".eJxVjDsOwjAQBe_iOrLwP6ak5wyWvbvGAWRLcVIh7k4ipSDtm5n3YSGuSwlrpzlMyK5MsOF_SxFeVHeAz1gfjUOryzwlviv8oJ3fG9L7dringxJ72WqyerRJCCel9ZgsOMIxK8wmOUtOCTAiK1AaI4LXUkv0Rm9GdgqALuz7A-M4OBU:1uTp5W:-nUGpnYMm2msnWuREfuVpm0vjnV9-F-DljlXoYJ1DJQ", "expire_date": "2025-07-07T21:52:26.833Z"}}, {"model": "sessions.session", "pk": "amuf7su3nb12lx5k3h5zmf90t188udxu", "fields": {"session_data": ".eJxVjDsOwjAQRO_iGllx_FtT0ucM1nrXIQFkS3FSIe5OIqWAYpp5b-YtIm7rFLeWlzizuAolLr9dQnrmcgB-YLlXSbWsy5zkociTNjlUzq_b6f4dTNimfd1ZYK_29E4r7jFQryyg8k5T58EEsoYSgGdHTDCOGSiYpLrsrHZpFJ8vwBc3ig:1uN56G:yhc7Z_wQCxTC24IpG8caTlksHy0OJpoJT7vMcO8tv-A", "expire_date": "2025-06-19T07:33:20.367Z"}}, {"model": "sessions.session", "pk": "p0uj10hrubqd1uj1bc5olq9skukzl7xr", "fields": {"session_data": ".eJxVjDsOwjAQBe_iOrLwP6ak5wyWvbvGAWRLcVIh7k4ipSDtm5n3YSGuSwlrpzlMyK5MsOF_SxFeVHeAz1gfjUOryzwlviv8oJ3fG9L7dringxJ72WqyerRJCCel9ZgsOMIxK8wmOUtOCTAiK1AaI4LXUkv0Rm9GdgqALuz7A-M4OBU:1uNV0v:YcHIzM7Y12YzYxSC3-XfmhH1jAgMEngODPDPK4azkQQ", "expire_date": "2025-06-20T11:13:33.627Z"}}]